{
    "predict_accuracy": 0.9793116244549587,
    "predict_f1": 0.9055613850996852,
    "predict_loss": 0.05906450375914574,
    "predict_precision": 0.8587064676616916,
    "predict_recall": 0.9578246392896781,
    "predict_runtime": 1.3411,
    "predict_samples_per_second": 74.567,
    "predict_steps_per_second": 9.694
}