{
    "predict_accuracy": 0.9750317777374251,
    "predict_f1": 0.8819444444444443,
    "predict_loss": 0.07334347069263458,
    "predict_precision": 0.8386792452830188,
    "predict_recall": 0.9299163179916318,
    "predict_runtime": 1.3669,
    "predict_samples_per_second": 73.156,
    "predict_steps_per_second": 9.51
}