{
    "predict_accuracy": 0.978551233304085,
    "predict_f1": 0.8950682056663171,
    "predict_loss": 0.06092424318194389,
    "predict_precision": 0.8504486540378864,
    "predict_recall": 0.9446290143964563,
    "predict_runtime": 1.1532,
    "predict_samples_per_second": 86.718,
    "predict_steps_per_second": 11.273
}