{
    "predict_samples": 526,
    "test_exact_match": 12.547528517110266,
    "test_f1": 29.54501576104416
}