{
    "epoch": 14.98,
    "predict_accuracy": 0.9653092006033183,
    "predict_f1": 0.6162079510703363,
    "predict_loss": 0.22671003639698029,
    "predict_precision": 0.5952732644017725,
    "predict_recall": 0.6386687797147385,
    "predict_runtime": 1.161,
    "predict_samples_per_second": 86.131,
    "predict_steps_per_second": 11.197,
    "train_loss": 0.5246939522879465,
    "train_runtime": 401.3053,
    "train_samples": 900,
    "train_samples_per_second": 33.64,
    "train_steps_per_second": 1.047
}