{
    "predict_accuracy": 0.9606843829632327,
    "predict_f1": 0.5652173913043479,
    "predict_loss": 0.2604605555534363,
    "predict_precision": 0.567043618739903,
    "predict_recall": 0.5634028892455859,
    "predict_runtime": 1.3474,
    "predict_samples_per_second": 74.217,
    "predict_steps_per_second": 9.648
}