{
    "predict_accuracy": 0.966508952593005,
    "predict_f1": 0.6290571870170015,
    "predict_loss": 0.21743100881576538,
    "predict_precision": 0.6157337367624811,
    "predict_recall": 0.6429699842022117,
    "predict_runtime": 1.3399,
    "predict_samples_per_second": 74.633,
    "predict_steps_per_second": 9.702
}