{
    "predict_accuracy": 0.962885337525107,
    "predict_f1": 0.6043795620437955,
    "predict_loss": 0.23332194983959198,
    "predict_precision": 0.5974025974025974,
    "predict_recall": 0.6115214180206795,
    "predict_runtime": 1.3694,
    "predict_samples_per_second": 73.024,
    "predict_steps_per_second": 9.493
}