{
    "predict_accuracy": 0.965480253534861,
    "predict_f1": 0.65,
    "predict_loss": 0.2238074541091919,
    "predict_precision": 0.6265060240963856,
    "predict_recall": 0.6753246753246753,
    "predict_runtime": 1.1887,
    "predict_samples_per_second": 84.127,
    "predict_steps_per_second": 10.937
}