{
    "predict_accuracy": 0.9561467223533684,
    "predict_f1": 0.5577464788732395,
    "predict_loss": 0.2838848829269409,
    "predict_precision": 0.5469613259668509,
    "predict_recall": 0.5689655172413793,
    "predict_runtime": 1.3966,
    "predict_samples_per_second": 71.602,
    "predict_steps_per_second": 9.308
}