{
    "epoch": 14.98,
    "predict_accuracy": 0.9552224736048266,
    "predict_f1": 0.47113594040968343,
    "predict_loss": 0.2692447900772095,
    "predict_precision": 0.506,
    "predict_recall": 0.44076655052264807,
    "predict_runtime": 1.1571,
    "predict_samples_per_second": 86.426,
    "predict_steps_per_second": 11.235,
    "train_loss": 0.5671623229980469,
    "train_runtime": 400.9342,
    "train_samples": 900,
    "train_samples_per_second": 33.671,
    "train_steps_per_second": 1.048
}