{
    "predict_accuracy": 0.962322533673098,
    "predict_f1": 0.5724197745013011,
    "predict_loss": 0.25072529911994934,
    "predict_precision": 0.5799648506151143,
    "predict_recall": 0.565068493150685,
    "predict_runtime": 1.3518,
    "predict_samples_per_second": 73.974,
    "predict_steps_per_second": 9.617
}