{
    "predict_accuracy": 0.9641079381713388,
    "predict_f1": 0.560530679933665,
    "predict_loss": 0.23204468190670013,
    "predict_precision": 0.556836902800659,
    "predict_recall": 0.5642737896494157,
    "predict_runtime": 1.3624,
    "predict_samples_per_second": 73.401,
    "predict_steps_per_second": 9.542
}