{
    "predict_accuracy": 0.9497911748683494,
    "predict_f1": 0.45320197044334976,
    "predict_loss": 0.3024032711982727,
    "predict_precision": 0.4859154929577465,
    "predict_recall": 0.4246153846153846,
    "predict_runtime": 1.389,
    "predict_samples_per_second": 71.996,
    "predict_steps_per_second": 9.359
}