{
    "predict_accuracy": 0.9560214529497806,
    "predict_f1": 0.5100087032201914,
    "predict_loss": 0.2790316045284271,
    "predict_precision": 0.5386029411764706,
    "predict_recall": 0.484297520661157,
    "predict_runtime": 1.1807,
    "predict_samples_per_second": 84.696,
    "predict_steps_per_second": 11.01
}