{
    "predict_accuracy": 0.9608428287212878,
    "predict_f1": 0.5406698564593302,
    "predict_loss": 0.26202327013015747,
    "predict_precision": 0.5263975155279503,
    "predict_recall": 0.5557377049180328,
    "predict_runtime": 1.3007,
    "predict_samples_per_second": 76.88,
    "predict_steps_per_second": 9.994
}