{
    "predict_accuracy": 0.9661164963758624,
    "predict_f1": 0.7333671914677502,
    "predict_loss": 0.1346568465232849,
    "predict_precision": 0.671003717472119,
    "predict_recall": 0.8085106382978723,
    "predict_runtime": 1.3093,
    "predict_samples_per_second": 76.376,
    "predict_steps_per_second": 9.929
}