{
    "predict_accuracy": 0.9592337025603777,
    "predict_f1": 0.7368421052631579,
    "predict_loss": 0.17052066326141357,
    "predict_precision": 0.684304932735426,
    "predict_recall": 0.7981171548117155,
    "predict_runtime": 1.3725,
    "predict_samples_per_second": 72.86,
    "predict_steps_per_second": 9.472
}