{
    "predict_samples": 526,
    "test_exact_match": 11.216730038022813,
    "test_f1": 27.950995155602513
}