{
    "predict_samples": 525,
    "test_exact_match": 9.904761904761905,
    "test_f1": 25.25851520197396
}