{
    "predict_accuracy": 0.9536455358842566,
    "predict_f1": 0.6407061266874351,
    "predict_loss": 0.23810787498950958,
    "predict_precision": 0.6019512195121951,
    "predict_recall": 0.6847946725860156,
    "predict_runtime": 1.2086,
    "predict_samples_per_second": 82.739,
    "predict_steps_per_second": 10.756
}