{
    "predict_accuracy": 0.948603766583171,
    "predict_f1": 0.5917098445595855,
    "predict_loss": 0.26547515392303467,
    "predict_precision": 0.5549076773566569,
    "predict_recall": 0.6337402885682575,
    "predict_runtime": 1.3258,
    "predict_samples_per_second": 75.427,
    "predict_steps_per_second": 9.806
}