{
    "epoch": 14.98,
    "predict_accuracy": 0.9875565610859729,
    "predict_f1": 0.9386401326699835,
    "predict_loss": 0.04878497123718262,
    "predict_precision": 0.9129032258064517,
    "predict_recall": 0.9658703071672355,
    "predict_runtime": 1.0493,
    "predict_samples_per_second": 95.298,
    "predict_steps_per_second": 12.389,
    "train_loss": 0.05397206261044457,
    "train_runtime": 390.2783,
    "train_samples": 900,
    "train_samples_per_second": 34.591,
    "train_steps_per_second": 1.076
}