{
    "predict_accuracy": 0.9884827717494765,
    "predict_f1": 0.9436008676789588,
    "predict_loss": 0.03873279318213463,
    "predict_precision": 0.9225874867444327,
    "predict_recall": 0.9655937846836848,
    "predict_runtime": 1.1106,
    "predict_samples_per_second": 90.038,
    "predict_steps_per_second": 11.705
}