{
    "predict_accuracy": 0.9839502736803043,
    "predict_f1": 0.9319872476089266,
    "predict_loss": 0.0563146211206913,
    "predict_precision": 0.8939857288481141,
    "predict_recall": 0.9733629300776915,
    "predict_runtime": 1.1934,
    "predict_samples_per_second": 83.795,
    "predict_steps_per_second": 10.893
}