{
    "predict_accuracy": 0.9851656352384419,
    "predict_f1": 0.9250704225352111,
    "predict_loss": 0.05612418055534363,
    "predict_precision": 0.8943355119825708,
    "predict_recall": 0.9579929988331388,
    "predict_runtime": 1.2444,
    "predict_samples_per_second": 80.362,
    "predict_steps_per_second": 10.447
}