{
    "predict_accuracy": 0.9823860541129471,
    "predict_f1": 0.9285714285714285,
    "predict_loss": 0.06910371035337448,
    "predict_precision": 0.9063745019920318,
    "predict_recall": 0.9518828451882845,
    "predict_runtime": 1.2475,
    "predict_samples_per_second": 80.161,
    "predict_steps_per_second": 10.421
}