{
    "epoch": 14.98,
    "predict_accuracy": 0.9887820512820513,
    "predict_f1": 0.946843853820598,
    "predict_loss": 0.04144801199436188,
    "predict_precision": 0.9223300970873787,
    "predict_recall": 0.9726962457337884,
    "predict_runtime": 0.9823,
    "predict_samples_per_second": 101.797,
    "predict_steps_per_second": 13.234,
    "train_loss": 0.05066662288847424,
    "train_runtime": 359.6493,
    "train_samples": 900,
    "train_samples_per_second": 37.537,
    "train_steps_per_second": 1.168
}