{
    "predict_accuracy": 0.9869257308879608,
    "predict_f1": 0.9435897435897436,
    "predict_loss": 0.05290290713310242,
    "predict_precision": 0.9255533199195171,
    "predict_recall": 0.9623430962343096,
    "predict_runtime": 1.1838,
    "predict_samples_per_second": 84.474,
    "predict_steps_per_second": 10.982
}