{
    "predict_accuracy": 0.9878048780487805,
    "predict_f1": 0.9377498572244432,
    "predict_loss": 0.04766566678881645,
    "predict_precision": 0.9183445190156599,
    "predict_recall": 0.9579929988331388,
    "predict_runtime": 1.1692,
    "predict_samples_per_second": 85.532,
    "predict_steps_per_second": 11.119
}