{
    "predict_accuracy": 0.9883342376559957,
    "predict_f1": 0.9462025316455696,
    "predict_loss": 0.048688434064388275,
    "predict_precision": 0.9285714285714286,
    "predict_recall": 0.964516129032258,
    "predict_runtime": 1.1091,
    "predict_samples_per_second": 90.16,
    "predict_steps_per_second": 11.721
}