{
    "predict_accuracy": 0.9877157063468851,
    "predict_f1": 0.9484536082474226,
    "predict_loss": 0.04754754155874252,
    "predict_precision": 0.9297872340425531,
    "predict_recall": 0.9678848283499446,
    "predict_runtime": 0.9841,
    "predict_samples_per_second": 101.62,
    "predict_steps_per_second": 13.211
}