{
    "predict_accuracy": 0.9774744027303754,
    "predict_f1": 0.736923076923077,
    "predict_loss": 0.16391320526599884,
    "predict_precision": 0.7002923976608187,
    "predict_recall": 0.7775974025974026,
    "predict_runtime": 1.0363,
    "predict_samples_per_second": 96.496,
    "predict_steps_per_second": 12.545
}