{
    "epoch": 14.98,
    "predict_accuracy": 0.9805806938159879,
    "predict_f1": 0.7411083540115798,
    "predict_loss": 0.1621202826499939,
    "predict_precision": 0.705511811023622,
    "predict_recall": 0.7804878048780488,
    "predict_runtime": 1.0184,
    "predict_samples_per_second": 98.196,
    "predict_steps_per_second": 12.765,
    "train_loss": 0.4415855407714844,
    "train_runtime": 360.8455,
    "train_samples": 900,
    "train_samples_per_second": 37.412,
    "train_steps_per_second": 1.164
}