{
    "predict_accuracy": 0.9756264014819148,
    "predict_f1": 0.7305389221556886,
    "predict_loss": 0.19159680604934692,
    "predict_precision": 0.6961483594864479,
    "predict_recall": 0.768503937007874,
    "predict_runtime": 1.0459,
    "predict_samples_per_second": 95.61,
    "predict_steps_per_second": 12.429
}