{
    "predict_accuracy": 0.974062613760466,
    "predict_f1": 0.6677685950413222,
    "predict_loss": 0.20106159150600433,
    "predict_precision": 0.645367412140575,
    "predict_recall": 0.6917808219178082,
    "predict_runtime": 1.2213,
    "predict_samples_per_second": 81.88,
    "predict_steps_per_second": 10.644
}