{
    "predict_accuracy": 0.9769384419829308,
    "predict_f1": 0.7185454545454545,
    "predict_loss": 0.17965030670166016,
    "predict_precision": 0.6813793103448276,
    "predict_recall": 0.76,
    "predict_runtime": 1.2,
    "predict_samples_per_second": 83.332,
    "predict_steps_per_second": 10.833
}