{
    "predict_accuracy": 0.9781579905351292,
    "predict_f1": 0.8405797101449275,
    "predict_loss": 0.10797639191150665,
    "predict_precision": 0.8046958377801494,
    "predict_recall": 0.8798133022170361,
    "predict_runtime": 1.2524,
    "predict_samples_per_second": 79.847,
    "predict_steps_per_second": 10.38
}