{
    "predict_accuracy": 0.9761138734522765,
    "predict_f1": 0.8506596306068601,
    "predict_loss": 0.1141846626996994,
    "predict_precision": 0.8125,
    "predict_recall": 0.8925802879291251,
    "predict_runtime": 1.0851,
    "predict_samples_per_second": 92.161,
    "predict_steps_per_second": 11.981
}