{
    "predict_accuracy": 0.9757333593217036,
    "predict_f1": 0.836093660765277,
    "predict_loss": 0.12488841265439987,
    "predict_precision": 0.7982551799345693,
    "predict_recall": 0.8776978417266187,
    "predict_runtime": 1.1488,
    "predict_samples_per_second": 87.049,
    "predict_steps_per_second": 11.316
}