{
    "predict_accuracy": 0.9763028872344289,
    "predict_f1": 0.8530144494270055,
    "predict_loss": 0.1170802190899849,
    "predict_precision": 0.8144624167459562,
    "predict_recall": 0.895397489539749,
    "predict_runtime": 1.2629,
    "predict_samples_per_second": 79.184,
    "predict_steps_per_second": 10.294
}