{
    "predict_accuracy": 0.9788692175899486,
    "predict_f1": 0.854574299312533,
    "predict_loss": 0.09864021092653275,
    "predict_precision": 0.8161616161616162,
    "predict_recall": 0.8967813540510544,
    "predict_runtime": 1.1132,
    "predict_samples_per_second": 89.83,
    "predict_steps_per_second": 11.678
}