{
    "predict_accuracy": 0.9741589468551926,
    "predict_f1": 0.7807545106615636,
    "predict_loss": 0.1635715812444687,
    "predict_precision": 0.74375,
    "predict_recall": 0.8216340621403913,
    "predict_runtime": 1.0246,
    "predict_samples_per_second": 97.602,
    "predict_steps_per_second": 12.688
}