{
    "predict_accuracy": 0.9682380779031671,
    "predict_f1": 0.7251782775644542,
    "predict_loss": 0.18418164551258087,
    "predict_precision": 0.6842650103519669,
    "predict_recall": 0.7712952158693116,
    "predict_runtime": 1.1804,
    "predict_samples_per_second": 84.72,
    "predict_steps_per_second": 11.014
}