{
    "predict_accuracy": 0.973452100253253,
    "predict_f1": 0.7625668449197861,
    "predict_loss": 0.1558210700750351,
    "predict_precision": 0.72978505629478,
    "predict_recall": 0.7984322508398656,
    "predict_runtime": 1.1948,
    "predict_samples_per_second": 83.694,
    "predict_steps_per_second": 10.88
}