{
    "predict_accuracy": 0.9702075004759185,
    "predict_f1": 0.7484210526315789,
    "predict_loss": 0.1756507307291031,
    "predict_precision": 0.7117117117117117,
    "predict_recall": 0.7891231964483907,
    "predict_runtime": 1.0747,
    "predict_samples_per_second": 93.05,
    "predict_steps_per_second": 12.096
}