{
    "predict_accuracy": 0.9741704374057315,
    "predict_f1": 0.7718733225979604,
    "predict_loss": 0.14990617334842682,
    "predict_precision": 0.7306910569105691,
    "predict_recall": 0.8179749715585893,
    "predict_runtime": 0.9961,
    "predict_samples_per_second": 100.396,
    "predict_steps_per_second": 13.051
}