{
    "predict_accuracy": 0.9737842315563785,
    "predict_f1": 0.7899356348741955,
    "predict_loss": 0.17514276504516602,
    "predict_precision": 0.7714285714285715,
    "predict_recall": 0.8093525179856115,
    "predict_runtime": 1.132,
    "predict_samples_per_second": 88.343,
    "predict_steps_per_second": 11.485
}