{
    "epoch": 14.98,
    "predict_accuracy": 0.9719079939668175,
    "predict_f1": 0.6821938392186325,
    "predict_loss": 0.19105716049671173,
    "predict_precision": 0.6485714285714286,
    "predict_recall": 0.7194928684627575,
    "predict_runtime": 1.0771,
    "predict_samples_per_second": 92.841,
    "predict_steps_per_second": 12.069,
    "train_loss": 0.4644468035016741,
    "train_runtime": 391.8538,
    "train_samples": 900,
    "train_samples_per_second": 34.452,
    "train_steps_per_second": 1.072
}