{
    "predict_accuracy": 0.9746729752296132,
    "predict_f1": 0.6905829596412555,
    "predict_loss": 0.18179574608802795,
    "predict_precision": 0.6553191489361702,
    "predict_recall": 0.7298578199052133,
    "predict_runtime": 1.2458,
    "predict_samples_per_second": 80.269,
    "predict_steps_per_second": 10.435
}