{
    "predict_accuracy": 0.9707786027032173,
    "predict_f1": 0.6754874651810585,
    "predict_loss": 0.20093336701393127,
    "predict_precision": 0.6415343915343915,
    "predict_recall": 0.7132352941176471,
    "predict_runtime": 1.1406,
    "predict_samples_per_second": 87.672,
    "predict_steps_per_second": 11.397
}