{
    "predict_accuracy": 0.9755241345685032,
    "predict_f1": 0.7103658536585367,
    "predict_loss": 0.17509199678897858,
    "predict_precision": 0.6695402298850575,
    "predict_recall": 0.7564935064935064,
    "predict_runtime": 1.0969,
    "predict_samples_per_second": 91.168,
    "predict_steps_per_second": 11.852
}