{
    "predict_accuracy": 0.972671145814418,
    "predict_f1": 0.680677966101695,
    "predict_loss": 0.18973460793495178,
    "predict_precision": 0.6444159178433889,
    "predict_recall": 0.7212643678160919,
    "predict_runtime": 1.3061,
    "predict_samples_per_second": 76.562,
    "predict_steps_per_second": 9.953
}