{
    "predict_accuracy": 0.9797290712406198,
    "predict_f1": 0.8583090379008746,
    "predict_loss": 0.11025366187095642,
    "predict_precision": 0.8354143019296254,
    "predict_recall": 0.882494004796163,
    "predict_runtime": 1.1217,
    "predict_samples_per_second": 89.15,
    "predict_steps_per_second": 11.589
}