{
    "predict_accuracy": 0.9822958309537407,
    "predict_f1": 0.8810289389067524,
    "predict_loss": 0.08753648400306702,
    "predict_precision": 0.8518134715025907,
    "predict_recall": 0.9123196448390677,
    "predict_runtime": 1.1032,
    "predict_samples_per_second": 90.649,
    "predict_steps_per_second": 11.784
}