{
    "predict_accuracy": 0.9717632104594153,
    "predict_f1": 0.6608187134502925,
    "predict_loss": 0.20320653915405273,
    "predict_precision": 0.6295264623955432,
    "predict_recall": 0.6953846153846154,
    "predict_runtime": 1.3018,
    "predict_samples_per_second": 76.817,
    "predict_steps_per_second": 9.986
}