{
    "predict_accuracy": 0.9752315943442224,
    "predict_f1": 0.699523052464229,
    "predict_loss": 0.2003774791955948,
    "predict_precision": 0.6738131699846861,
    "predict_recall": 0.7272727272727273,
    "predict_runtime": 1.1165,
    "predict_samples_per_second": 89.568,
    "predict_steps_per_second": 11.644
}