{
    "epoch": 14.98,
    "predict_accuracy": 0.970211161387632,
    "predict_f1": 0.7494623655913979,
    "predict_loss": 0.17057918012142181,
    "predict_precision": 0.7104994903160041,
    "predict_recall": 0.7929465301478953,
    "predict_runtime": 1.0563,
    "predict_samples_per_second": 94.674,
    "predict_steps_per_second": 12.308,
    "train_loss": 0.40133456275576634,
    "train_runtime": 390.5152,
    "train_samples": 900,
    "train_samples_per_second": 34.57,
    "train_steps_per_second": 1.076
}