{
    "predict_accuracy": 0.9690652960213212,
    "predict_f1": 0.7571502860114405,
    "predict_loss": 0.17713867127895355,
    "predict_precision": 0.7123287671232876,
    "predict_recall": 0.8079911209766926,
    "predict_runtime": 1.1275,
    "predict_samples_per_second": 88.693,
    "predict_steps_per_second": 11.53
}