{
    "predict_samples": 526,
    "test_exact_match": 13.49809885931559,
    "test_f1": 32.123576892355516
}