{
    "predict_samples": 526,
    "test_exact_match": 14.068441064638783,
    "test_f1": 31.965417697806547
}